page_title,judge_reasoning,judge_noteworthy,human_noteworthy
Rob Yates (English cricketer),"The addition of Robert Michael Yates's education at Warwick School is a noteworthy biographical detail, enhancing the article's completeness, which aligns with human preferences for informative content.",True,False
Lenborough Hoard,"The addition of the current display location of the Lenborough Hoard, Discover Bucks Museum in Aylesbury, provides new and valuable factual information that enhances the article's utility for readers.",True,False
A Million to Juan,"The addition of the publication year for the referenced story is a minor factual detail that does not significantly alter the content or understanding of the film, aligning with the preference to consider only substantial changes as noteworthy.",False,False
Sanogoszcz,"The new revision significantly impacts the verifiability of the geographical location details by moving the reference, which is a noteworthy change in terms of article integrity and sourcing, aligning with human preferences for well-referenced information.",True,False
Spain in the Eurovision Song Contest 2003,"The new revision significantly enriches the article with important contextual details like Spain's 'Big Four' status for automatic qualification, the specific broadcaster, and finer points of the selection process, making these changes noteworthy for encyclopedic completeness, which aligns with human preference for detailed and comprehensive information.",True,False
Vahlkampfia,"The addition of ""in Heterolobosea"" provides a significant and more specific biological classification, enhancing the accuracy and completeness of the article, which is a noteworthy change for a scientific topic.",True,False
Dorothy Bullitt,"The new revision is noteworthy because the addition of 'American businesswoman and philanthropist' provides a significantly more comprehensive and informative overview of Dorothy Stimson Bullitt's identity and contributions, aligning with human preference for enriched biographical context in introductory statements.",True,False
Charles A. Hoxie,"The new revision incorporates significant biographical details, including specific birth and death dates, his profession, and a key invention, all of which are noteworthy improvements to the article's comprehensiveness and accuracy.",True,False
Ioannis Papadakis,"The revisions contain only minor textual refinements, a grammatical correction, and formatting updates, which do not alter the core factual content or add substantial new information.",False,False
Post Mortem (Black Tide album),"The correction of a producer's first name from ""John"" to ""Josh"" is a factual accuracy improvement that changes the identity of a person mentioned, making it noteworthy from a human preference standpoint for correct information.",True,False
Queen Anne's Mansions,"The new revision is noteworthy for improving factual accuracy by precisely identifying ""St James's Park Underground station"" instead of the less specific ""St. James Park Station,"" aligning with human preference for detail in encyclopedic content.",True,False
Kosmos 205,"The addition of an official alternative designation, ""Zenit-2 No.59"", provides more complete identification and enhances the biographical overview of the satellite, which is a noteworthy improvement for an encyclopedia.",True,False
Macau at the 2022 Asian Games,"Despite the models disagreeing on the significance of the changes, the addition of the specific host city, Hangzhou, is a factual enrichment that makes the information more complete and aligns with human preference for detailed content.",True,False
Odontobutis sinensis,"The removal of specific habitat and lifestyle descriptors such as 'brackishwater benthopelagic subtropical fish' constitutes a noteworthy change, as it significantly reduces the detailed characteristics provided for the species in the article.",True,False
2002 UEFA European Under-17 Championship,"The addition of specific player eligibility criteria provides important factual context to the event, making the revision noteworthy despite a minor date format change.",True,False
102 Years in the Heart of Europe,"The changes, consisting of replacing a language template with the explicit Swedish title and a minor hyphenation correction, improve clarity and style but do not alter the core content or significance of the article, aligning with the models' assessment that these are not noteworthy differences.",False,False
Alstom Metropolis 98B,"The addition of the rolling stock's generation provides valuable context and classification for the Alstom Metropolis 98B within the Warsaw Metro's fleet, making this a noteworthy improvement for an encyclopedic article.",True,False
Khalid ibn al-Walid Stadium,"The new revision provides noteworthy additional context by stating that the stadium is the third-largest in Syria and updates the spectator capacity, enhancing the article's factual completeness.",True,False
Hongō Station (Hiroshima),"The addition of the operating company, West Japan Railway Company (JR West), is a significant factual detail that enhances the completeness and utility of the article, aligning with human preference for specific and comprehensive information.",True,False
Massachusetts Route 113,"The addition of specific route length and an abbreviation clarification enhances the factual detail and completeness of the article, which aligns with human preferences for comprehensive information.",True,False
Glenn Macaskill,"The addition of specific publication details, including the title and ISBN of the author's only published work, significantly enhances the biographical information and is therefore noteworthy, aligning with human preference for factual completeness in Wikipedia articles.",True,False
Apart from You,"The addition of 'silent' is a significant factual detail about the film's nature, and the inclusion of a citation improves verifiability, which are both noteworthy changes that align with human preferences for accuracy.",True,False
Eugene Stoner,"The addition of 'machinist' to Eugene Morrison Stoner's professional description provides a more complete biographical overview, making this revision noteworthy despite other minor stylistic changes.",True,False
Chenzhong Li,"The changes, including the addition of a Chinese name, minor reordering of nationalities, and the removal of specific institutional affiliation and a 'program director' role, do not fundamentally alter the subject's core identity or major accomplishments, aligning with the consensus of both models.",False,False
Success Harbour railway station,"The new revision is noteworthy because it adds specific factual context by identifying the station as part of the ""Transperth network"" and clarifies ""Perth station,"" enhancing the article's precision and completeness, aligning with human preferences for accuracy.",True,False
Lindenius albilabris,"The addition of the taxonomic family 'Crabronidae' provides specific and valuable scientific classification, making the description more complete and noteworthy for an encyclopedia article, aligning with a preference for increased detail and accuracy.",True,False
Freshwater ecosystem,"The revisions consist primarily of minor rephrasing and clarifications, and the removal of a single sentence about limnology does not fundamentally alter the core subject matter or scope of the article on freshwater ecosystems, making the differences not noteworthy.",False,False
William E. Lee,"While most changes are formatting or minor additions, the removal of the specific birthplace 'in Alton, Illinois' constitutes a noteworthy factual deletion from the biographical summary, overriding the models' agreement.",True,False
Copăcel,"The addition of Hungarian names for the commune and its villages, along with the specification of the Crișana region, provides significantly more comprehensive and precise geographical and cultural information, aligning with human preferences for detailed and contextually rich articles.",True,False
Stegana vittata,"The models disagree, and I find the change from 'vinegar fly' to 'fruit fly' to be a noteworthy factual update regarding the species' common name, aligning with the human preference for accuracy in scientific descriptions.",True,False
Thought Industry,"The models agree that the addition of Engineer Mike Roche's recording work for the ""Fred Thompson Trio"" provides new and relevant information about a key personnel member, making the change noteworthy and aligning with human preferences for comprehensive encyclopedic content.",True,False
John Bramston the Elder,"The addition of precise birth and death dates significantly enhances the factual completeness and accuracy of the biographical entry, which is a noteworthy improvement aligning with human preference for detailed information.",True,False
Aleksenko,"The addition of a new section listing similar surnames enhances the article's comprehensiveness by providing valuable related information, aligning with human preference for encyclopedic utility, and is therefore noteworthy.",True,False
Denise Chaila,"The addition of 'singer' as a new artistic profession, alongside the reordering of nationalities, constitutes a noteworthy update that provides a more complete and accurate representation of the artist's identity, aligning with human preference for comprehensive and accurate biographical details.",True,False
Bedok South Secondary School,"The new revision significantly improves the article's verifiability by replacing a 'citation needed' tag with a specific reference and adds precision with new attribution, while also removing factual information, all of which are notable editorial actions that align with human preferences for accuracy and verifiability.",True,False
2024 Indonesia Masters,"The change in verb tense from future to past signifies a factual update regarding the event's status, indicating it has concluded, which is noteworthy for article accuracy and aligns with human preference for up-to-date factual information.",True,False
The Most Reverend,"The new revision is noteworthy because it adds common abbreviations and clarifies the specific group of Christian clergy and ministers to whom the style applies, enhancing the article's precision and completeness in line with human preference for detailed information.",True,False
List of Private Secretary episodes,"The addition of specific day numbers to the start and end dates, while seemingly a minor detail, enhances the factual accuracy and completeness of the information, aligning with human preferences for precise data in encyclopedic content.",True,False
Tyazhstankohydropress,"The changes, which include adding the Russian name and a minor district name refinement, do not alter the core factual information or overall understanding of the article, aligning with human preference to classify minor informational additions and corrections as not noteworthy.",False,False
